{
  "required": true,
  "compatibilityLevel": "JAVA_8",
  "package": "wtf.moneymod.client.mixin.mixins",
  "refmap": "mixins.moneymod.refmap.json",
  "priority": 2147483647,
  "mixinPriority": 2147483647,
  "mixins": [
    "ducks.AccessorMinecraft",
    "ducks.AccessorCPacketChatMessage",
    "ducks.AccessorSPacketChat",
    "ducks.AccessorRenderManager",
    "ducks.AccessorCPacketUseEntity",
    "ducks.AccessorCPacketPlayer",
    "ducks.AccessorKeyBinding",
    "ducks.AccessorShaderGroup",
    "ducks.AccessorTileEntity",
    "ducks.AccessorEntityPlayerSP",
    "ducks.AccessorPlayerControllerMP",
    "MixinGuiScreen",
    "MixinRenderLivingBase",
    "MixinNetworkManager",
    "MixinMinecraft",
    "MixinGuiMainMenu",
    "MixinEntity",
    "MixinEntityPlayerSP",
    "MixinItemRenderer",
    "MixinTimer",
    "MixinEntityPlayer",
    "MixinPlayerControllerMP",
    "MixinGuiNewChat",
    "MixinEntityRenderer",
    "MixinRenderEnderCrystal",
    "MixinEntityOtherPlayerMP",
    "MixinNetHandlerPlayClient",
    "MixinBlockSoulSand",
    "MixinRenderPlayer",
    "MixinModelBiped"
  ]
}
